{
    "bossMobile": "string",
    "bossName": "string",
    "createdBy": 0,
    "creationDate": "2020-06-22T07:32:57.614Z",
    "customerCode": "string",
    "customerId": "string",
    "customerName": "string",
    "deptId": "string",
    "deptName": "string",
    "glzOrerationManager": "string",
    "isSupermarket": "string",
    "lastUpdateDate": "2020-06-22T07:32:57.614Z",
    "lastUpdatedBy": 0,
    "parentId": 0,
    "storeAddress": "string",
    "storeCode": "string",
    "storeCounty": "string",
    "storeCtiy": "string",
    "storeId": 0,
    "storeLatitude": "string",
    "storeLevel": "string",
    "storeLongitude": "string",
    "storeName": "string",
    "storeProvince": "string",
    "storeRemark": "string",
    "storeStatus": "string",
    "storeSystem": "string",
    "storeType": "string",
    "storesSort": "string"
}