{
    "activeAddress": "string",
    "activeDayNum": 0,
    "activeDefect": "string",
    "activePoint": "string",
    "activePrice": 0,
    "activeTime": "2020-06-22T10:00:43.340Z",
    "activeType": "string",
    "agentCode": "string",
    "agentName": "string",
    "assessTime": "2020-06-22T10:00:43.340Z",
    "auditRemark": "string",
    "auditStatus": "string",
    "auditTime": "2020-06-22T10:00:43.340Z",
    "auditUserName": "string",
    "completedNum": 0,
    "jobId": "string",
    "jobNo": "string",
    "kxNumComplete": 0,
    "kxPriceComplete": 0,
    "orderingCustomerName": "string",
    "orderingCustomerNo": "string",
    "orgCode": "string",
    "pickUpNo": "string",
    "pickUpTime": "2020-06-22T10:00:43.340Z",
    "picture": "string",
    "productClass": "string",
    "productCode": "string",
    "productList": [
      {
        "productLine": "string",
        "productLineCode": "string",
        "productModel": "string",
        "productNum": 0,
        "speedId": "string",
        "speedProductId": "string"
      }
    ],
    "productName": "string",
    "productVolume": "string",
    "promoterName": "string",
    "receiptCustomerName": "string",
    "recipientContactMobile": "string",
    "recipientContactName": "string",
    "region": "string",
    "remark": "string",
    "reportingTime": "2020-06-22T10:00:43.340Z",
    "saleNum": 0,
    "salePrice": 0,
    "sendCode": "string",
    "sid": "string",
    "speedId": "string",
    "storeAddressId": "string",
    "storeCode": "string",
    "storeName": "string",
    "stores": {
      "bossMobile": "string",
      "bossName": "string",
      "createdBy": 0,
      "creationDate": "2020-06-22T10:00:43.340Z",
      "customerCode": "string",
      "customerId": "string",
      "customerName": "string",
      "deptId": "string",
      "deptName": "string",
      "glzOrerationManager": "string",
      "isSupermarket": "string",
      "lastUpdateDate": "2020-06-22T10:00:43.340Z",
      "lastUpdatedBy": 0,
      "parentId": 0,
      "storeAddress": "string",
      "storeCode": "string",
      "storeCounty": "string",
      "storeCtiy": "string",
      "storeId": 0,
      "storeLatitude": "string",
      "storeLevel": "string",
      "storeLongitude": "string",
      "storeName": "string",
      "storeProvince": "string",
      "storeRemark": "string",
      "storeStatus": "string",
      "storeSystem": "string",
      "storeType": "string",
      "storesSort": "string"
    },
    "targeStock": "string",
    "targetCity": "string",
    "taskJob": {
      "assessTime": "2020-06-22T10:00:43.340Z",
      "jobId": "string",
      "jobMobile": "string",
      "jobName": "string",
      "jobNo": "string",
      "kxNumComplete": 0,
      "kxPriceComplete": 0,
      "kxProductClass": "string",
      "markingCenter": "string",
      "numComplete": 0,
      "orgCode": "string",
      "priceComplete": 0,
      "region": "string",
      "taskId": "string",
      "wbNumTask": 0,
      "wbPriceComplete": 0,
      "wbProductClass": "string",
      "zkxNumComplete": 0,
      "zkxPriceComplete": 0,
      "zkxProductClass": "string"
    },
    "wbNumComplete": 0,
    "wbPriceComplete": 0,
    "zkxNumComplete": 0,
    "zkxPriceComplete": 0
  }